<?xml version="1.0" encoding="UTF-8"?>
<project-private xmlns="http://www.netbeans.org/ns/project-private/1">
    <editor-bookmarks xmlns="http://www.netbeans.org/ns/editor-bookmarks/2" lastBookmarkId="0"/>
    <open-files xmlns="http://www.netbeans.org/ns/projectui-open-files/2">
        <group>
            <file>file:/C:/Users/sowba/OneDrive/Desktop/JAVA%20PROJECT/freelancermanagement/web/index.html</file>
            <file>file:/C:/Users/sowba/OneDrive/Desktop/JAVA%20PROJECT/freelancermanagement/web/admin_dashboard.jsp</file>
            <file>file:/C:/Users/sowba/OneDrive/Desktop/JAVA%20PROJECT/freelancermanagement/src/java/DeletePortfolioServlet.java</file>
            <file>file:/C:/Users/sowba/OneDrive/Desktop/JAVA%20PROJECT/freelancermanagement/src/java/FetchSalesServlet.java</file>
            <file>file:/C:/Users/sowba/OneDrive/Desktop/JAVA%20PROJECT/freelancermanagement/src/java/DeleteProjectServlet.java</file>
            <file>file:/C:/Users/sowba/OneDrive/Desktop/JAVA%20PROJECT/freelancermanagement/src/java/PurchasesServlet.java</file>
            <file>file:/C:/Users/sowba/OneDrive/Desktop/JAVA%20PROJECT/freelancermanagement/nbproject/build-impl.xml</file>
            <file>file:/C:/Users/sowba/OneDrive/Desktop/JAVA%20PROJECT/freelancermanagement/src/java/Purchase.java</file>
        </group>
    </open-files>
</project-private>
